etapa,turma,dia,ordem,aula,inicio,tipo,disciplina,professor,celula
FUND II,6º ANO,SEGUNDA,1,1,07:10,AULA,HISTÓRIA,ALEXANDRE,HISTÓRIA / ALEXANDRE
FUND II,7º ANO,SEGUNDA,1,1,07:10,AULA,CIÊNCIAS,RAQUEL,CIÊNCIAS / RAQUEL
FUND II,8º ANO,SEGUNDA,1,1,07:10,AULA,INGLÊS,CLARISSA E LARA,INGLÊS / CLARISSA E LARA
FUND II,9º ANO,SEGUNDA,1,1,07:10,AULA,INGLÊS,CLARISSA E LARA,INGLÊS / CLARISSA E LARA
FUND II,6º ANO,SEGUNDA,2,2,08:00,AULA,CIÊNCIAS,RAQUEL,CIÊNCIAS / RAQUEL
FUND II,7º ANO,SEGUNDA,2,2,08:00,AULA,LITERATURA 2,ALEXANDRE,LITERATURA 2 / ALEXANDRE
FUND II,8º ANO,SEGUNDA,2,2,08:00,AULA,INGLÊS,CLARISSA E LARA,INGLÊS / CLARISSA E LARA
FUND II,9º ANO,SEGUNDA,2,2,08:00,AULA,INGLÊS,CLARISSA E LARA,INGLÊS / CLARISSA E LARA
FUND II,6º ANO,SEGUNDA,3,3,08:50,AULA,INGLÊS,CLARISSA E LARA,INGLÊS / CLARISSA E LARA
FUND II,7º ANO,SEGUNDA,3,3,08:50,AULA,INGLÊS,CLARISSA E LARA,INGLÊS / CLARISSA E LARA
FUND II,8º ANO,SEGUNDA,3,3,08:50,AULA,CIÊNCIAS,RAQUEL,CIÊNCIAS / RAQUEL
FUND II,9º ANO,SEGUNDA,3,3,08:50,AULA,LITERATURA 1,CRISTIANE,LITERATURA 1 / CRISTIANE
FUND II,6º ANO,SEGUNDA,4,,09:40,INTERVALO,RECREIO,,RECREIO
FUND II,7º ANO,SEGUNDA,4,,09:40,INTERVALO,RECREIO,,RECREIO
FUND II,8º ANO,SEGUNDA,4,,09:40,INTERVALO,RECREIO,,RECREIO
FUND II,9º ANO,SEGUNDA,4,,09:40,INTERVALO,RECREIO,,RECREIO
FUND II,6º ANO,SEGUNDA,5,4,10:00,AULA,INGLÊS,CLARISSA E LARA,INGLÊS / CLARISSA E LARA
FUND II,7º ANO,SEGUNDA,5,4,10:00,AULA,INGLÊS,CLARISSA E LARA,INGLÊS / CLARISSA E LARA
FUND II,8º ANO,SEGUNDA,5,4,10:00,AULA,LATIM,SAMUEL,LATIM / SAMUEL
FUND II,9º ANO,SEGUNDA,5,4,10:00,AULA,BIOLOGIA,RAQUEL,BIOLOGIA / RAQUEL
FUND II,6º ANO,SEGUNDA,6,5,10:50,AULA,LATIM,SAMUEL,LATIM / SAMUEL
FUND II,7º ANO,SEGUNDA,6,5,10:50,AULA,CIÊNCIAS,RAQUEL,CIÊNCIAS / RAQUEL
FUND II,8º ANO,SEGUNDA,6,5,10:50,AULA,LITERATURA 2,ALEXANDRE,LITERATURA 2 / ALEXANDRE
FUND II,9º ANO,SEGUNDA,6,5,10:50,AULA,HISTÓRIA,EUGÊNIO,HISTÓRIA / EUGÊNIO
FUND II,6º ANO,SEGUNDA,7,6,11:40,AULA,HISTÓRIA,ALEXANDRE,HISTÓRIA / ALEXANDRE
FUND II,7º ANO,SEGUNDA,7,6,11:40,AULA,LITERATURA 1,CRISTIANE,LITERATURA 1 / CRISTIANE
FUND II,8º ANO,SEGUNDA,7,6,11:40,AULA,CIÊNCIAS,RAQUEL,CIÊNCIAS / RAQUEL
FUND II,9º ANO,SEGUNDA,7,6,11:40,AULA,LATIM,SAMUEL,LATIM / SAMUEL
FUND II,6º ANO,TERÇA,1,1,07:10,AULA,LITERATURA 2,ALEXANDRE,LITERATURA 2 / ALEXANDRE
FUND II,7º ANO,TERÇA,1,1,07:10,AULA,CIÊNCIAS,RAQUEL,CIÊNCIAS / RAQUEL
FUND II,8º ANO,TERÇA,1,1,07:10,AULA,MÚSICA,CASSIANO,MÚSICA / CASSIANO
FUND II,9º ANO,TERÇA,1,1,07:10,AULA,GRAMÁTICA,SALYN,GRAMÁTICA / SALYN
FUND II,6º ANO,TERÇA,2,2,08:00,AULA,MÚSICA,CASSIANO,MÚSICA / CASSIANO
FUND II,7º ANO,TERÇA,2,2,08:00,AULA,HISTÓRIA,ALEXANDRE,HISTÓRIA / ALEXANDRE
FUND II,8º ANO,TERÇA,2,2,08:00,AULA,LITERATURA 1,CRISTIANE,LITERATURA 1 / CRISTIANE
FUND II,9º ANO,TERÇA,2,2,08:00,AULA,GRAMÁTICA,SALYN,GRAMÁTICA / SALYN
FUND II,6º ANO,TERÇA,3,3,08:50,AULA,CIÊNCIAS,RAQUEL,CIÊNCIAS / RAQUEL
FUND II,7º ANO,TERÇA,3,3,08:50,AULA,GRAMÁTICA,SALYN,GRAMÁTICA / SALYN
FUND II,8º ANO,TERÇA,3,3,08:50,AULA,HISTÓRIA,EUGÊNIO,HISTÓRIA / EUGÊNIO
FUND II,9º ANO,TERÇA,3,3,08:50,AULA,MÚSICA,CASSIANO,MÚSICA / CASSIANO
FUND II,6º ANO,TERÇA,4,,09:40,INTERVALO,RECREIO,,RECREIO
FUND II,7º ANO,TERÇA,4,,09:40,INTERVALO,RECREIO,,RECREIO
FUND II,8º ANO,TERÇA,4,,09:40,INTERVALO,RECREIO,,RECREIO
FUND II,9º ANO,TERÇA,4,,09:40,INTERVALO,RECREIO,,RECREIO
FUND II,6º ANO,TERÇA,5,4,10:00,AULA,GRAMÁTICA,SALYN,GRAMÁTICA / SALYN
FUND II,7º ANO,TERÇA,5,4,10:00,AULA,HISTÓRIA,ALEXANDRE,HISTÓRIA / ALEXANDRE
FUND II,8º ANO,TERÇA,5,4,10:00,AULA,HISTÓRIA,EUGÊNIO,HISTÓRIA / EUGÊNIO
FUND II,9º ANO,TERÇA,5,4,10:00,AULA,BIOLOGIA,RAQUEL,BIOLOGIA / RAQUEL
FUND II,6º ANO,TERÇA,6,5,10:50,AULA,CIÊNCIAS,RAQUEL,CIÊNCIAS / RAQUEL
FUND II,7º ANO,TERÇA,6,5,10:50,AULA,MÚSICA,CASSIANO,MÚSICA / CASSIANO
FUND II,8º ANO,TERÇA,6,5,10:50,AULA,GRAMÁTICA,SALYN,GRAMÁTICA / SALYN
FUND II,9º ANO,TERÇA,6,5,10:50,AULA,HISTÓRIA,EUGÊNIO,HISTÓRIA / EUGÊNIO
FUND II,6º ANO,TERÇA,7,6,11:40,VAGO,VAGO,,-
FUND II,7º ANO,TERÇA,7,6,11:40,VAGO,VAGO,,-
FUND II,8º ANO,TERÇA,7,6,11:40,AULA,GRAMÁTICA,SALYN,GRAMÁTICA / SALYN
FUND II,9º ANO,TERÇA,7,6,11:40,AULA,LITERATURA 2,ALEXANDRE,LITERATURA 2 / ALEXANDRE
FUND II,6º ANO,TERÇA,8,7,13:10,AULA,EDUCAÇÃO FÍSICA MASC.,ALEX,EDUCAÇÃO FÍSICA MASC. / ALEX
FUND II,7º ANO,TERÇA,8,7,13:10,AULA,EDUCAÇÃO FÍSICA MASC.,ALEX,EDUCAÇÃO FÍSICA MASC. / ALEX
FUND II,8º ANO,TERÇA,8,7,13:10,VAGO,VAGO,,-
FUND II,9º ANO,TERÇA,8,7,13:10,VAGO,VAGO,,-
FUND II,6º ANO,TERÇA,9,8,13:50,AULA,EDUCAÇÃO FÍSICA MASC.,ALEX,EDUCAÇÃO FÍSICA MASC. / ALEX
FUND II,7º ANO,TERÇA,9,8,13:50,AULA,EDUCAÇÃO FÍSICA MASC.,ALEX,EDUCAÇÃO FÍSICA MASC. / ALEX
FUND II,9º ANO,TERÇA,9,8,13:50,VAGO,VAGO,,-
FUND II,6º ANO,TERÇA,10,9,14:30,VAGO,VAGO,,-
FUND II,7º ANO,TERÇA,10,9,14:30,VAGO,VAGO,,-
FUND II,8º ANO,TERÇA,10,9,14:30,AULA,EDUCAÇÃO FÍSICA MASC.,ALEX,EDUCAÇÃO FÍSICA MASC. / ALEX
FUND II,9º ANO,TERÇA,10,9,14:30,AULA,EDUCAÇÃO FÍSICA MASC.,ALEX,EDUCAÇÃO FÍSICA MASC. / ALEX
FUND II,6º ANO,TERÇA,11,10,15:10,VAGO,VAGO,,-
FUND II,7º ANO,TERÇA,11,10,15:10,VAGO,VAGO,,-
FUND II,8º ANO,TERÇA,11,10,15:10,AULA,EDUCAÇÃO FÍSICA MASC.,ALEX,EDUCAÇÃO FÍSICA MASC. / ALEX
FUND II,9º ANO,TERÇA,11,10,15:10,AULA,EDUCAÇÃO FÍSICA MASC.,ALEX,EDUCAÇÃO FÍSICA MASC. / ALEX
FUND II,6º ANO,QUARTA,1,1,07:10,AULA,GEOGRAFIA,MAYARA,GEOGRAFIA / MAYARA
FUND II,7º ANO,QUARTA,1,1,07:10,AULA,MATEMÁTICA 1,KELVY,MATEMÁTICA 1 / KELVY
FUND II,8º ANO,QUARTA,1,1,07:10,AULA,INGLÊS,CLARISSA E LARA,INGLÊS / CLARISSA E LARA
FUND II,9º ANO,QUARTA,1,1,07:10,AULA,INGLÊS,CLARISSA E LARA,INGLÊS / CLARISSA E LARA
FUND II,6º ANO,QUARTA,2,2,08:00,AULA,MATEMÁTICA 1,KELVY,MATEMÁTICA 1 / KELVY
FUND II,7º ANO,QUARTA,2,2,08:00,AULA,GEOGRAFIA,MAYARA,GEOGRAFIA / MAYARA
FUND II,8º ANO,QUARTA,2,2,08:00,AULA,INGLÊS,CLARISSA E LARA,INGLÊS / CLARISSA E LARA
FUND II,9º ANO,QUARTA,2,2,08:00,AULA,INGLÊS,CLARISSA E LARA,INGLÊS / CLARISSA E LARA
FUND II,6º ANO,QUARTA,3,3,08:50,AULA,INGLÊS,CLARISSA E LARA,INGLÊS / CLARISSA E LARA
FUND II,7º ANO,QUARTA,3,3,08:50,AULA,INGLÊS,CLARISSA E LARA,INGLÊS / CLARISSA E LARA
FUND II,8º ANO,QUARTA,3,3,08:50,AULA,GEOGRAFIA,MAYARA,GEOGRAFIA / MAYARA
FUND II,9º ANO,QUARTA,3,3,08:50,AULA,FÍSICA,JEANN,FÍSICA / JEANN
FUND II,6º ANO,QUARTA,4,,09:40,INTERVALO,RECREIO,,RECREIO
FUND II,7º ANO,QUARTA,4,,09:40,INTERVALO,RECREIO,,RECREIO
FUND II,8º ANO,QUARTA,4,,09:40,INTERVALO,RECREIO,,RECREIO
FUND II,9º ANO,QUARTA,4,,09:40,INTERVALO,RECREIO,,RECREIO
FUND II,6º ANO,QUARTA,5,4,10:00,AULA,INGLÊS,CLARISSA E LARA,INGLÊS / CLARISSA E LARA
FUND II,7º ANO,QUARTA,5,4,10:00,AULA,INGLÊS,CLARISSA E LARA,INGLÊS / CLARISSA E LARA
FUND II,8º ANO,QUARTA,5,4,10:00,AULA,GEOGRAFIA,MAYARA,GEOGRAFIA / MAYARA
FUND II,9º ANO,QUARTA,5,4,10:00,AULA,FÍSICA,JEANN,FÍSICA / JEANN
FUND II,6º ANO,QUARTA,6,5,10:50,AULA,LITERATURA 1,CRISTIANE,LITERATURA 1 / CRISTIANE
FUND II,7º ANO,QUARTA,6,5,10:50,AULA,FILOSOFIA,RAYNNER,FILOSOFIA / RAYNNER
FUND II,8º ANO,QUARTA,6,5,10:50,AULA,MATEMÁTICA 1,KELVY,MATEMÁTICA 1 / KELVY
FUND II,9º ANO,QUARTA,6,5,10:50,AULA,GEOGRAFIA,MAYARA,GEOGRAFIA / MAYARA
FUND II,6º ANO,QUARTA,7,6,11:40,AULA,GEOGRAFIA,MAYARA,GEOGRAFIA / MAYARA
FUND II,7º ANO,QUARTA,7,6,11:40,AULA,MATEMÁTICA 1,KELVY,MATEMÁTICA 1 / KELVY
FUND II,8º ANO,QUARTA,7,6,11:40,AULA,CIÊNCIAS,RAQUEL,CIÊNCIAS / RAQUEL
FUND II,9º ANO,QUARTA,7,6,11:40,AULA,LATIM,SAMUEL,LATIM / SAMUEL
FUND II,6º ANO,QUARTA,8,7,14:00,AULA,EDUCAÇÃO FÍSICA FEM.,GLEICE,EDUCAÇÃO FÍSICA FEM. / GLEICE
FUND II,7º ANO,QUARTA,8,7,14:00,AULA,EDUCAÇÃO FÍSICA FEM.,GLEICE,EDUCAÇÃO FÍSICA FEM. / GLEICE
FUND II,8º ANO,QUARTA,8,7,14:00,VAGO,VAGO,,-
FUND II,9º ANO,QUARTA,8,7,14:00,VAGO,VAGO,,-
FUND II,6º ANO,QUARTA,9,8,14:40,AULA,EDUCAÇÃO FÍSICA FEM.,GLEICE,EDUCAÇÃO FÍSICA FEM. /GLEICE
FUND II,7º ANO,QUARTA,9,8,14:40,AULA,EDUCAÇÃO FÍSICA FEM.,GLEICE,EDUCAÇÃO FÍSICA FEM. / GLEICE
FUND II,8º ANO,QUARTA,9,8,14:40,VAGO,VAGO,,-
FUND II,9º ANO,QUARTA,9,8,14:40,VAGO,VAGO,,-
FUND II,6º ANO,QUARTA,10,9,15:20,VAGO,VAGO,,-
FUND II,7º ANO,QUARTA,10,9,15:20,VAGO,VAGO,,-
FUND II,8º ANO,QUARTA,10,9,15:20,AULA,EDUCAÇÃO FÍSICA FEM.,GLEICE,EDUCAÇÃO FÍSICA FEM. / GLEICE
FUND II,9º ANO,QUARTA,10,9,15:20,AULA,EDUCAÇÃO FÍSICA FEM.,GLEICE,EDUCAÇÃO FÍSICA FEM. / GLEICE
FUND II,6º ANO,QUARTA,11,10,16:00,VAGO,VAGO,,-
FUND II,7º ANO,QUARTA,11,10,16:00,VAGO,VAGO,,-
FUND II,8º ANO,QUARTA,11,10,16:00,AULA,EDUCAÇÃO FÍSICA FEM.,GLEICE,EDUCAÇÃO FÍSICA FEM. / GLEICE
FUND II,9º ANO,QUARTA,11,10,16:00,AULA,EDUCAÇÃO FÍSICA FEM.,GLEICE,EDUCAÇÃO FÍSICA FEM. / GLEICE
FUND II,6º ANO,QUINTA,1,1,07:10,AULA,FILOSOFIA,RAYNNER,FILOSOFIA / RAYNNER
FUND II,7º ANO,QUINTA,1,1,07:10,AULA,GRAMÁTICA,SALYN,GRAMÁTICA / SALYN
FUND II,8º ANO,QUINTA,1,1,07:10,AULA,MATEMÁTICA 1,KELVY,MATEMÁTICA 1 / KELVY
FUND II,9º ANO,QUINTA,1,1,07:10,AULA,ARTE,LUCAS RIBEIRO,ARTE / LUCAS RIBEIRO
FUND II,6º ANO,QUINTA,2,2,08:00,AULA,GRAMÁTICA,SALYN,GRAMÁTICA / SALYN
FUND II,7º ANO,QUINTA,2,2,08:00,AULA,GEOGRAFIA,MAYARA,GEOGRAFIA / MAYARA
FUND II,8º ANO,QUINTA,2,2,08:00,AULA,FILOSOFIA,RAYNNER,FILOSOFIA / RAYNNER
FUND II,9º ANO,QUINTA,2,2,08:00,AULA,QUÍMICA,MARCIO,QUÍMICA / MARCIO
FUND II,6º ANO,QUINTA,3,3,08:50,AULA,ARTE,LUCAS RIBEIRO,ARTE / LUCAS RIBEIRO
FUND II,7º ANO,QUINTA,3,3,08:50,AULA,PRODUÇÃO DE TEXTO,SALYN,PRODUÇÃO DE TEXTO / SALYN
FUND II,8º ANO,QUINTA,3,3,08:50,AULA,HISTÓRIA,EUGÊNIO,HISTÓRIA / EUGÊNIO
FUND II,9º ANO,QUINTA,3,3,08:50,AULA,MATEMÁTICA 1,KELVY,MATEMÁTICA 1 / KELVY
FUND II,6º ANO,QUINTA,4,,09:40,INTERVALO,RECREIO,,RECREIO
FUND II,7º ANO,QUINTA,4,,09:40,INTERVALO,RECREIO,,RECREIO
FUND II,8º ANO,QUINTA,4,,09:40,INTERVALO,RECREIO,,RECREIO
FUND II,9º ANO,QUINTA,4,,09:40,INTERVALO,RECREIO,,RECREIO
FUND II,6º ANO,QUINTA,5,4,10:00,AULA,MATEMÁTICA 2,BIANKA,MATEMÁTICA 2 / BIANKA
FUND II,7º ANO,QUINTA,5,4,10:00,AULA,PRODUÇÃO DE TEXTO,SALYN,PRODUÇÃO DE TEXTO / SALYN
FUND II,8º ANO,QUINTA,5,4,10:00,AULA,ARTE,LUCAS RIBEIRO,ARTE / LUCAS RIBEIRO
FUND II,9º ANO,QUINTA,5,4,10:00,AULA,GEOGRAFIA,MAYARA,GEOGRAFIA / MAYARA
FUND II,6º ANO,QUINTA,6,5,10:50,AULA,MATEMÁTICA 1,KELVY,MATEMÁTICA 1 / KELVY
FUND II,7º ANO,QUINTA,6,5,10:50,AULA,ARTE,LUCAS RIBEIRO,ARTE / LUCAS RIBEIRO
FUND II,8º ANO,QUINTA,6,5,10:50,AULA,PRODUÇÃO DE TEXTO,SALYN,PRODUÇÃO DE TEXTO / SALYN
FUND II,9º ANO,QUINTA,6,5,10:50,AULA,MATEMÁTICA 2,BIANKA,MATEMÁTICA 2 / BIANKA
FUND II,6º ANO,QUINTA,7,6,11:40,AULA,PRODUÇÃO DE TEXTO,SALYN,PRODUÇÃO DE TEXTO / SALYN
FUND II,7º ANO,QUINTA,7,6,11:40,AULA,MATEMÁTICA 2,BIANKA,MATEMÁTICA 2 / BIANKA
FUND II,8º ANO,QUINTA,7,6,11:40,AULA,ARTE,LUCAS RIBEIRO,ARTE / LUCAS RIBEIRO
FUND II,9º ANO,QUINTA,7,6,11:40,AULA,MATEMÁTICA 1,KELVY,MATEMÁTICA 1 / KELVY
FUND II,6º ANO,SEXTA,1,1,07:10,AULA,PRODUÇÃO DE TEXTO,SALYN,PRODUÇÃO DE TEXTO / SALYN
FUND II,7º ANO,SEXTA,1,1,07:10,AULA,MATEMÁTICA 2,BIANKA,MATEMÁTICA 2 / BIANKA
FUND II,8º ANO,SEXTA,1,1,07:10,AULA,ENSINO RELIGIOSO,CÉSAR,ENSINO RELIGIOSO / CÉSAR
FUND II,9º ANO,SEXTA,1,1,07:10,AULA,MATEMÁTICA 1,KELVY,MATEMÁTICA 1 / KELVY
FUND II,6º ANO,SEXTA,2,2,08:00,AULA,ENSINO RELIGIOSO,CÉSAR,ENSINO RELIGIOSO / CÉSAR
FUND II,7º ANO,SEXTA,2,2,08:00,AULA,LATIM,SAMUEL,LATIM / SAMUEL
FUND II,8º ANO,SEXTA,2,2,08:00,AULA,MATEMÁTICA 2,BIANKA,MATEMÁTICA 2 / BIANKA
FUND II,9º ANO,SEXTA,2,2,08:00,AULA,FILOSOFIA,RAYNNER,FILOSOFIA / RAYNNER
FUND II,6º ANO,SEXTA,3,3,08:50,AULA,LATIM,SAMUEL,LATIM / SAMUEL
FUND II,7º ANO,SEXTA,3,3,08:50,AULA,MATEMÁTICA 1,KELVY,MATEMÁTICA 1 / KELVY
FUND II,8º ANO,SEXTA,3,3,08:50,AULA,PRODUÇÃO DE TEXTO,SALYN,PRODUÇÃO DE TEXTO / SALYN
FUND II,9º ANO,SEXTA,3,3,08:50,AULA,MATEMÁTICA 2,BIANKA,MATEMÁTICA 2 / BIANKA
FUND II,6º ANO,SEXTA,4,,09:40,INTERVALO,RECREIO,,RECREIO
FUND II,7º ANO,SEXTA,4,,09:40,INTERVALO,RECREIO,,RECREIO
FUND II,8º ANO,SEXTA,4,,09:40,INTERVALO,RECREIO,,RECREIO
FUND II,9º ANO,SEXTA,4,,09:40,INTERVALO,RECREIO,,RECREIO
FUND II,6º ANO,SEXTA,5,4,10:00,AULA,MATEMÁTICA 2,BIANKA,MATEMÁTICA 2 / BIANKA
FUND II,7º ANO,SEXTA,5,4,10:00,AULA,ENSINO RELIGIOSO,CÉSAR,ENSINO RELIGIOSO / CÉSAR
FUND II,8º ANO,SEXTA,5,4,10:00,AULA,MATEMÁTICA 1,KELVY,MATEMÁTICA 1 / KELVY
FUND II,9º ANO,SEXTA,5,4,10:00,AULA,PRODUÇÃO DE TEXTO,SALYN,PRODUÇÃO DE TEXTO / SALYN
FUND II,6º ANO,SEXTA,6,5,10:50,AULA,MATEMÁTICA 1,KELVY,MATEMÁTICA 1 / KELVY
FUND II,7º ANO,SEXTA,6,5,10:50,AULA,LATIM,SAMUEL,LATIM / SAMUEL
FUND II,8º ANO,SEXTA,6,5,10:50,AULA,MATEMÁTICA 2,BIANKA,MATEMÁTICA 2 / BIANKA
FUND II,9º ANO,SEXTA,6,5,10:50,AULA,ENSINO RELIGIOSO,CÉSAR,ENSINO RELIGIOSO / CÉSAR
FUND II,6º ANO,SEXTA,7,6,11:40,VAGO,VAGO,,-
FUND II,7º ANO,SEXTA,7,6,11:40,VAGO,VAGO,,-
FUND II,8º ANO,SEXTA,7,6,11:40,AULA,LATIM,SAMUEL,LATIM / SAMUEL
FUND II,9º ANO,SEXTA,7,6,11:40,AULA,PRODUÇÃO DE TEXTO,SALYN,PRODUÇÃO DE TEXTO / SALYN
MÉDIO,1ª SÉRIE,SEGUNDA,1,1,07:10,AULA,QUÍMICA,MARCIO,QUÍMICA / MARCIO
MÉDIO,2ª SÉRIE,SEGUNDA,1,1,07:10,AULA,OFICINA DE FÍSICA,ERIELSON,OFICINA DE FÍSICA / ERIELSON
MÉDIO,3ª SÉRIE,SEGUNDA,1,1,07:10,AULA,LITERATURA,LIZ,LITERATURA / LIZ
MÉDIO,1ª SÉRIE,SEGUNDA,2,2,08:00,AULA,LITERATURA,LIZ,LITERATURA / LIZ
MÉDIO,2ª SÉRIE,SEGUNDA,2,2,08:00,AULA,OFICINA DE FÍSICA,ERIELSON,OFICINA DE FÍSICA / ERIELSON
MÉDIO,3ª SÉRIE,SEGUNDA,2,2,08:00,AULA,OFICINA DE QUÍMICA,MARCIO,OFICINA DE QUÍMICA / MARCIO
MÉDIO,1ª SÉRIE,SEGUNDA,3,3,08:50,AULA,QUÍMICA,MARCIO,QUÍMICA / MARCIO
MÉDIO,2ª SÉRIE,SEGUNDA,3,3,08:50,AULA,LITERATURA,LIZ,LITERATURA / LIZ
MÉDIO,3ª SÉRIE,SEGUNDA,3,3,08:50,AULA,HISTÓRIA 2,EUGÊNIO,HISTÓRIA 2 / EUGÊNIO
MÉDIO,1ª SÉRIE,SEGUNDA,4,,09:40,INTERVALO,RECREIO,,RECREIO
MÉDIO,2ª SÉRIE,SEGUNDA,4,,09:40,INTERVALO,RECREIO,,RECREIO
MÉDIO,3ª SÉRIE,SEGUNDA,4,,09:40,INTERVALO,RECREIO,,RECREIO
MÉDIO,1ª SÉRIE,SEGUNDA,5,4,10:00,AULA,HISTÓRIA 2,EUGÊNIO,HISTÓRIA 2 / EUGÊNIO
MÉDIO,2ª SÉRIE,SEGUNDA,5,4,10:00,AULA,OFICINA DE QUÍMICA,MARCIO,OFICINA DE QUÍMICA / MARCIO
MÉDIO,3ª SÉRIE,SEGUNDA,5,4,10:00,AULA,OFICINA DE FILOSOFIA,LUCAS RIBEIRO,OFICINA DE FILOSOFIA / LUCAS RIBEIRO
MÉDIO,1ª SÉRIE,SEGUNDA,6,5,10:50,AULA,OFICINA DE FILOSOFIA,LUCAS RIBEIRO,OFICINA DE FILOSOFIA / LUCAS RIBEIRO
MÉDIO,2ª SÉRIE,SEGUNDA,6,5,10:50,AULA,INGLÊS,CLARISSA,INGLÊS / CLARISSA
MÉDIO,3ª SÉRIE,SEGUNDA,6,5,10:50,AULA,GRAMÁTICA,CHRISTIANE,GRAMÁTICA / CHRISTIANE
MÉDIO,1ª SÉRIE,SEGUNDA,7,6,11:40,AULA,OFICINA DE PRODUÇÃO DE TEXTO,GILMARA,OFICINA DE PRODUÇÃO DE TEXTO / GILMARA
MÉDIO,2ª SÉRIE,SEGUNDA,7,6,11:40,AULA,OFICINA DE FILOSOFIA,LUCAS RIBEIRO,OFICINA DE FILOSOFIA / LUCAS RIBEIRO
MÉDIO,3ª SÉRIE,SEGUNDA,7,6,11:40,AULA,INGLÊS,CLARISSA,INGLÊS / CLARISSA
MÉDIO,1ª SÉRIE,TERÇA,1,1,07:10,AULA,BIOLOGIA 2,JAQUELINE,BIOLOGIA 2 / JAQUELINE
MÉDIO,2ª SÉRIE,TERÇA,1,1,07:10,AULA,GRAMÁTICA,CHRISTIANE,GRAMÁTICA / CHRISTIANE
MÉDIO,3ª SÉRIE,TERÇA,1,1,07:10,AULA,ENSINO RELIGIOSO,CÉSAR,ENSINO RELIGIOSO / CÉSAR
MÉDIO,1ª SÉRIE,TERÇA,2,2,08:00,AULA,BIOLOGIA 2,JAQUELINE,BIOLOGIA 2 / JAQUELINE
MÉDIO,2ª SÉRIE,TERÇA,2,2,08:00,AULA,BIOLOGIA 1,RAQUEL,BIOLOGIA 1 / RAQUEL
MÉDIO,3ª SÉRIE,TERÇA,2,2,08:00,AULA,OFICINA DE PRODUÇÃO DE TEXTO,GILMARA,OFICINA DE PRODUÇÃO DE TEXTO / GILMARA
MÉDIO,1ª SÉRIE,TERÇA,3,3,08:50,AULA,GRAMÁTICA,CHRISTIANE,GRAMÁTICA / CHRISTIANE
MÉDIO,2ª SÉRIE,TERÇA,3,3,08:50,AULA,BIOLOGIA 2,JAQUELINE,BIOLOGIA 2 / JAQUELINE
MÉDIO,3ª SÉRIE,TERÇA,3,3,08:50,AULA,OFICINA DE PRODUÇÃO DE TEXTO,GILMARA,OFICINA DE PRODUÇÃO DE TEXTO / GILMARA
MÉDIO,1ª SÉRIE,TERÇA,4,,09:40,INTERVALO,RECREIO,,RECREIO
MÉDIO,2ª SÉRIE,TERÇA,4,,09:40,INTERVALO,RECREIO,,RECREIO
MÉDIO,3ª SÉRIE,TERÇA,4,,09:40,INTERVALO,RECREIO,,RECREIO
MÉDIO,1ª SÉRIE,TERÇA,5,4,10:00,AULA,GRAMÁTICA,CHRISTIANE,GRAMÁTICA / CHRISTIANE
MÉDIO,2ª SÉRIE,TERÇA,5,4,10:00,AULA,OFICINA DE PRODUÇÃO DE TEXTO,GILMARA,OFICINA DE PRODUÇÃO DE TEXTO / GILMARA
MÉDIO,3ª SÉRIE,TERÇA,5,4,10:00,AULA,BIOLOGIA 2,JAQUELINE,BIOLOGIA 2 / JAQUELINE
MÉDIO,1ª SÉRIE,TERÇA,6,5,10:50,AULA,GRAMÁTICA,CHRISTIANE,GRAMÁTICA / CHRISTIANE
MÉDIO,2ª SÉRIE,TERÇA,6,5,10:50,AULA,OFICINA DE PRODUÇÃO DE TEXTO,GILMARA,OFICINA DE PRODUÇÃO DE TEXTO / GILMARA
MÉDIO,3ª SÉRIE,TERÇA,6,5,10:50,AULA,BIOLOGIA 2,JAQUELINE,BIOLOGIA 2 / JAQUELINE
MÉDIO,1ª SÉRIE,TERÇA,7,6,11:40,AULA,OFICINA DE PRODUÇÃO DE TEXTO,GILMARA,OFICINA DE PRODUÇÃO DE TEXTO / GILMARA
MÉDIO,2ª SÉRIE,TERÇA,7,6,11:40,AULA,BIOLOGIA 2,JAQUELINE,BIOLOGIA 2 / JAQUELINE
MÉDIO,3ª SÉRIE,TERÇA,7,6,11:40,AULA,BIOLOGIA 1,RAQUEL,BIOLOGIA 1 / RAQUEL
MÉDIO,1ª SÉRIE,TERÇA,8,,,VAGO,VAGO,,-
MÉDIO,2ª SÉRIE,TERÇA,8,,,VAGO,VAGO,,-
MÉDIO,3ª SÉRIE,TERÇA,8,,,VAGO,VAGO,,-
MÉDIO,1ª SÉRIE,TERÇA,9,,14:00,AULA,PROJETO DE VIDA MASC.,ALEXANDRE QUEIROZ,PROJETO DE VIDA MASC. / ALEXANDRE QUEIROZ
MÉDIO,2ª SÉRIE,TERÇA,9,,14:00,AULA,PROJETO DE VIDA MASC.,ALEXANDRE QUEIROZ,PROJETO DE VIDA MASC. / ALEXANDRE QUEIROZ
MÉDIO,3ª SÉRIE,TERÇA,9,,14:00,AULA,PROJETO DE VIDA MASC.,ALEXANDRE QUEIROZ,PROJETO DE VIDA MASC. / ALEXANDRE QUEIROZ
MÉDIO,1ª SÉRIE,TERÇA,10,,14:50,INTERVALO,INTERVALO,,INTERVALO
MÉDIO,2ª SÉRIE,TERÇA,10,,14:50,INTERVALO,INTERVALO,,INTERVALO
MÉDIO,3ª SÉRIE,TERÇA,10,,14:50,INTERVALO,INTERVALO,,INTERVALO
MÉDIO,1ª SÉRIE,TERÇA,11,,15:00,AULA,PROJETO DE VIDA MASC.,ALEXANDRE QUEIROZ,PROJETO DE VIDA MASC. / ALEXANDRE QUEIROZ
MÉDIO,2ª SÉRIE,TERÇA,11,,15:00,AULA,PROJETO DE VIDA MASC.,ALEXANDRE QUEIROZ,PROJETO DE VIDA MASC. / ALEXANDRE QUEIROZ
MÉDIO,3ª SÉRIE,TERÇA,11,,15:00,AULA,PROJETO DE VIDA MASC.,ALEXANDRE QUEIROZ,PROJETO DE VIDA MASC. / ALEXANDRE QUEIROZ
MÉDIO,1ª SÉRIE,TERÇA,12,,15:40,INTERVALO,INTERVALO,,INTERVALO
MÉDIO,2ª SÉRIE,TERÇA,12,,15:40,INTERVALO,INTERVALO,,INTERVALO
MÉDIO,3ª SÉRIE,TERÇA,12,,15:40,INTERVALO,INTERVALO,,INTERVALO
MÉDIO,1ª SÉRIE,TERÇA,13,7,15:50,AULA,EDUCAÇÃO FÍSICA MASC.,ALEX,EDUCAÇÃO FÍSICA MASC. / ALEX
MÉDIO,2ª SÉRIE,TERÇA,13,7,15:50,AULA,EDUCAÇÃO FÍSICA MASC.,ALEX,EDUCAÇÃO FÍSICA MASC. / ALEX
MÉDIO,3ª SÉRIE,TERÇA,13,7,15:50,AULA,EDUCAÇÃO FÍSICA MASC.,ALEX,EDUCAÇÃO FÍSICA MASC. / ALEX
MÉDIO,1ª SÉRIE,TERÇA,14,8,16:30,AULA,EDUCAÇÃO FÍSICA MASC.,ALEX,EDUCAÇÃO FÍSICA MASC. / ALEX
MÉDIO,2ª SÉRIE,TERÇA,14,8,16:30,AULA,EDUCAÇÃO FÍSICA MASC.,ALEX,EDUCAÇÃO FÍSICA MASC. / ALEX
MÉDIO,3ª SÉRIE,TERÇA,14,8,16:30,AULA,EDUCAÇÃO FÍSICA MASC.,ALEX,EDUCAÇÃO FÍSICA MASC. / ALEX
MÉDIO,1ª SÉRIE,QUARTA,1,1,07:10,AULA,OFICINA DE FÍSICA,ERIELSON,OFICINA DE FÍSICA / ERIELSON
MÉDIO,2ª SÉRIE,QUARTA,1,1,07:10,AULA,GRAMÁTICA,CHRISTIANE,GRAMÁTICA / CHRISTIANE
MÉDIO,3ª SÉRIE,QUARTA,1,1,07:10,AULA,FÍSICA 2,JEANN,FÍSICA 2 / JEANN
MÉDIO,1ª SÉRIE,QUARTA,2,2,08:00,AULA,OFICINA DE FÍSICA,ERIELSON,OFICINA DE FÍSICA / ERIELSON
MÉDIO,2ª SÉRIE,QUARTA,2,2,08:00,AULA,FÍSICA,JEANN,FÍSICA / JEANN
MÉDIO,3ª SÉRIE,QUARTA,2,2,08:00,AULA,GRAMÁTICA,CHRISTIANE,GRAMÁTICA / CHRISTIANE
MÉDIO,1ª SÉRIE,QUARTA,3,3,08:50,AULA,OFICINA DE MATEMÁTICA,KELVY,OFICINA DE MATEMÁTICA / KELVY
MÉDIO,2ª SÉRIE,QUARTA,3,3,08:50,AULA,GRAMÁTICA,CHRISTIANE,GRAMÁTICA / CHRISTIANE
MÉDIO,3ª SÉRIE,QUARTA,3,3,08:50,AULA,FÍSICA 1,ERIELSON,FÍSICA 1 / ERIELSON
MÉDIO,1ª SÉRIE,QUARTA,4,,09:40,INTERVALO,RECREIO,,RECREIO
MÉDIO,2ª SÉRIE,QUARTA,4,,09:40,INTERVALO,RECREIO,,RECREIO
MÉDIO,3ª SÉRIE,QUARTA,4,,09:40,INTERVALO,RECREIO,,RECREIO
MÉDIO,1ª SÉRIE,QUARTA,5,4,10:00,AULA,FILOSOFIA,RAYNNER,FILOSOFIA / RAYNNER
MÉDIO,2ª SÉRIE,QUARTA,5,4,10:00,AULA,OFICINA DE MATEMÁTICA,KELVY,OFICINA DE MATEMÁTICA / KELVY
MÉDIO,3ª SÉRIE,QUARTA,5,4,10:00,AULA,OFICINA DE FÍSICA,ERIELSON,OFICINA DE FÍSICA / ERIELSON
MÉDIO,1ª SÉRIE,QUARTA,6,5,10:50,AULA,INGLÊS,CLARISSA,INGLÊS / CLARISSA
MÉDIO,2ª SÉRIE,QUARTA,6,5,10:50,AULA,FÍSICA,JEANN,FÍSICA / JEANN
MÉDIO,3ª SÉRIE,QUARTA,6,5,10:50,AULA,OFICINA DE FÍSICA,ERIELSON,OFICINA DE FÍSICA / ERIELSON
MÉDIO,1ª SÉRIE,QUARTA,7,6,11:40,AULA,FÍSICA,JEANN,FÍSICA / JEANN
MÉDIO,2ª SÉRIE,QUARTA,7,6,11:40,AULA,SOCIOLOGIA,RAYNNER,SOCIOLOGIA / RAYNNER
MÉDIO,3ª SÉRIE,QUARTA,7,6,11:40,AULA,GRAMÁTICA,CHRISTIANE,GRAMÁTICA / CHRISTIANE
MÉDIO,1ª SÉRIE,QUARTA,8,7,14:00,AULA,BIOLOGIA 1,RAQUEL,BIOLOGIA 1 / RAQUEL
MÉDIO,2ª SÉRIE,QUARTA,8,7,14:00,AULA,FÍSICA,JEANN,FÍSICA / JEANN
MÉDIO,3ª SÉRIE,QUARTA,8,7,14:00,AULA,QUÍMICA,MARCIO,QUÍMICA / MARCIO
MÉDIO,1ª SÉRIE,QUARTA,9,8,14:50,AULA,FÍSICA,JEANN,FÍSICA / JEANN
MÉDIO,2ª SÉRIE,QUARTA,9,8,14:50,AULA,HISTÓRIA 1,ALEXANDRE,HISTÓRIA 1 / ALEXANDRE
MÉDIO,3ª SÉRIE,QUARTA,9,8,14:50,AULA,QUÍMICA,MARCIO,QUÍMICA / MARCIO
MÉDIO,1ª SÉRIE,QUARTA,10,,15:40,INTERVALO,RECREIO,,RECREIO
MÉDIO,2ª SÉRIE,QUARTA,10,,15:40,INTERVALO,RECREIO,,RECREIO
MÉDIO,3ª SÉRIE,QUARTA,10,,15:40,INTERVALO,RECREIO,,RECREIO
MÉDIO,1ª SÉRIE,QUARTA,11,9,16:00,AULA,FÍSICA,JEANN,FÍSICA / JEANN
MÉDIO,2ª SÉRIE,QUARTA,11,9,16:00,AULA,QUÍMICA,MARCIO,QUÍMICA / MARCIO
MÉDIO,3ª SÉRIE,QUARTA,11,9,16:00,AULA,HISTÓRIA 1,ALEXANDRE,HISTÓRIA 1 / ALEXANDRE
MÉDIO,1ª SÉRIE,QUARTA,12,10,16:50,AULA,HISTÓRIA 1,ALEXANDRE,HISTÓRIA 1 / ALEXANDRE
MÉDIO,2ª SÉRIE,QUARTA,12,10,16:50,AULA,QUÍMICA,MARCIO,QUÍMICA / MARCIO
MÉDIO,3ª SÉRIE,QUARTA,12,10,16:50,AULA,FÍSICA 2,JEANN,FÍSICA 2 / JEANN
MÉDIO,1ª SÉRIE,QUINTA,1,1,07:10,AULA,OFICINA DE QUÍMICA,MARCIO,OFICINA DE QUÍMICA / MARCIO
MÉDIO,2ª SÉRIE,QUINTA,1,1,07:10,AULA,GEOGRAFIA,MAYARA,GEOGRAFIA / MAYARA
MÉDIO,3ª SÉRIE,QUINTA,1,1,07:10,AULA,MATEMÁTICA 2,BIANKA,MATEMÁTICA 2 / BIANKA
MÉDIO,1ª SÉRIE,QUINTA,2,2,08:00,AULA,MATEMÁTICA 2,BIANKA,MATEMÁTICA 2 / BIANKA
MÉDIO,2ª SÉRIE,QUINTA,2,2,08:00,AULA,HISTÓRIA 2,EUGÊNIO,HISTÓRIA 2 / EUGÊNIO
MÉDIO,3ª SÉRIE,QUINTA,2,2,08:00,AULA,OFICINA DE MATEMÁTICA,KELVY,OFICINA DE MATEMÁTICA / KELVY
MÉDIO,1ª SÉRIE,QUINTA,3,3,08:50,AULA,GEOGRAFIA,MAYARA,GEOGRAFIA / MAYARA
MÉDIO,2ª SÉRIE,QUINTA,3,3,08:50,AULA,MATEMÁTICA 2,BIANKA,MATEMÁTICA 2 / BIANKA
MÉDIO,3ª SÉRIE,QUINTA,3,3,08:50,AULA,FILOSOFIA,RAYNNER,FILOSOFIA / RAYNNER
MÉDIO,1ª SÉRIE,QUINTA,4,,09:40,INTERVALO,RECREIO,,RECREIO
MÉDIO,2ª SÉRIE,QUINTA,4,,09:40,INTERVALO,RECREIO,,RECREIO
MÉDIO,3ª SÉRIE,QUINTA,4,,09:40,INTERVALO,RECREIO,,RECREIO
MÉDIO,1ª SÉRIE,QUINTA,5,4,10:00,AULA,SOCIOLOGIA,RAYNNER,SOCIOLOGIA / RAYNNER
MÉDIO,2ª SÉRIE,QUINTA,5,4,10:00,AULA,ARTE,MARIA BARBARA,ARTE / MARIA BARBARA
MÉDIO,3ª SÉRIE,QUINTA,5,4,10:00,AULA,ESPANHOL,MARCELINA,ESPANHOL / MARCELINA
MÉDIO,1ª SÉRIE,QUINTA,6,5,10:50,AULA,ARTE,MARIA BARBARA,ARTE / MARIA BARBARA
MÉDIO,2ª SÉRIE,QUINTA,6,5,10:50,AULA,ESPANHOL,MARCELINA,ESPANHOL / MARCELINA
MÉDIO,3ª SÉRIE,QUINTA,6,5,10:50,AULA,SOCIOLOGIA,RAYNNER,SOCIOLOGIA / RAYNNER
MÉDIO,1ª SÉRIE,QUINTA,7,6,11:40,AULA,ESPANHOL,MARCELINA,ESPANHOL / MARCELINA
MÉDIO,2ª SÉRIE,QUINTA,7,6,11:40,AULA,FILOSOFIA,RAYNNER,FILOSOFIA / RAYNNER
MÉDIO,3ª SÉRIE,QUINTA,7,6,11:40,AULA,ARTE,MARIA BARBARA,ARTE / MARIA BARBARA
MÉDIO,1ª SÉRIE,QUINTA,8,,,VAGO,VAGO,,-
MÉDIO,2ª SÉRIE,QUINTA,8,,,VAGO,VAGO,,-
MÉDIO,3ª SÉRIE,QUINTA,8,,,VAGO,VAGO,,-
MÉDIO,1ª SÉRIE,QUINTA,9,7,14:00,AULA,EDUCAÇÃO FÍSICA FEM.,GLEICE,EDUCAÇÃO FÍSICA FEM. / GLEICE
MÉDIO,2ª SÉRIE,QUINTA,9,7,14:00,AULA,EDUCAÇÃO FÍSICA FEM.,GLEICE,EDUCAÇÃO FÍSICA FEM. / GLEICE
MÉDIO,3ª SÉRIE,QUINTA,9,7,14:00,AULA,EDUCAÇÃO FÍSICA FEM.,GLEICE,EDUCAÇÃO FÍSICA FEM. / GLEICE
MÉDIO,1ª SÉRIE,QUINTA,10,8,14:40,AULA,EDUCAÇÃO FÍSICA FEM.,GLEICE,EDUCAÇÃO FÍSICA FEM. / GLEICE
MÉDIO,2ª SÉRIE,QUINTA,10,8,14:40,AULA,EDUCAÇÃO FÍSICA FEM.,GLEICE,EDUCAÇÃO FÍSICA FEM. / GLEICE
MÉDIO,3ª SÉRIE,QUINTA,10,8,14:40,AULA,EDUCAÇÃO FÍSICA FEM.,GLEICE,EDUCAÇÃO FÍSICA FEM. / GLEICE
MÉDIO,1ª SÉRIE,QUINTA,11,9,15:30,AULA,PROJETO DE VIDA FEM.,GILMARA,PROJETO DE VIDA FEM. / GILMARA
MÉDIO,2ª SÉRIE,QUINTA,11,9,15:30,AULA,PROJETO DE VIDA FEM.,GILMARA,PROJETO DE VIDA FEM. / GILMARA
MÉDIO,3ª SÉRIE,QUINTA,11,9,15:30,AULA,PROJETO DE VIDA FEM.,GILMARA,PROJETO DE VIDA FEM. / GILMARA
MÉDIO,1ª SÉRIE,QUINTA,12,10,16:10,AULA,PROJETO DE VIDA FEM.,GILMARA,PROJETO DE VIDA FEM. / GILMARA
MÉDIO,2ª SÉRIE,QUINTA,12,10,16:10,AULA,PROJETO DE VIDA FEM.,GILMARA,PROJETO DE VIDA FEM. / GILMARA
MÉDIO,3ª SÉRIE,QUINTA,12,10,16:10,AULA,PROJETO DE VIDA FEM.,GILMARA,PROJETO DE VIDA FEM. / GILMARA
MÉDIO,1ª SÉRIE,SEXTA,1,1,07:10,AULA,MATEMÁTICA 1,MARCELA,MATEMÁTICA 1 / MARCELA
MÉDIO,2ª SÉRIE,SEXTA,1,1,07:10,AULA,OFICINA DE LITERATURA,CRISTIANE,OFICINA DE LITERATURA / CRISTIANE
MÉDIO,3ª SÉRIE,SEXTA,1,1,07:10,AULA,GEOGRAFIA,MAYARA,GEOGRAFIA / MAYARA
MÉDIO,1ª SÉRIE,SEXTA,2,2,08:00,AULA,MATEMÁTICA 1,MARCELA,MATEMÁTICA 1 / MARCELA
MÉDIO,2ª SÉRIE,SEXTA,2,2,08:00,AULA,OFICINA DE LITERATURA,CRISTIANE,OFICINA DE LITERATURA / CRISTIANE
MÉDIO,3ª SÉRIE,SEXTA,2,2,08:00,AULA,GEOGRAFIA,MAYARA,GEOGRAFIA / MAYARA
MÉDIO,1ª SÉRIE,SEXTA,3,3,08:50,AULA,OFICINA DE LITERATURA,CRISTIANE,OFICINA DE LITERATURA / CRISTIANE
MÉDIO,2ª SÉRIE,SEXTA,3,3,08:50,AULA,ENSINO RELIGIOSO,CÉSAR,ENSINO RELIGIOSO / CÉSAR
MÉDIO,3ª SÉRIE,SEXTA,3,3,08:50,AULA,MATEMÁTICA 1,MARCELA,MATEMÁTICA 1 / MARCELA
MÉDIO,1ª SÉRIE,SEXTA,4,,09:40,INTERVALO,RECREIO,,RECREIO
MÉDIO,2ª SÉRIE,SEXTA,4,,09:40,INTERVALO,RECREIO,,RECREIO
MÉDIO,3ª SÉRIE,SEXTA,4,,09:40,INTERVALO,RECREIO,,RECREIO
MÉDIO,1ª SÉRIE,SEXTA,5,4,10:00,AULA,OFICINA DE LITERATURA,CRISTIANE,OFICINA DE LITERATURA / CRISTIANE
MÉDIO,2ª SÉRIE,SEXTA,5,4,10:00,AULA,GEOGRAFIA,MAYARA,GEOGRAFIA / MAYARA
MÉDIO,3ª SÉRIE,SEXTA,5,4,10:00,AULA,MATEMÁTICA 1,MARCELA,MATEMÁTICA 1 / MARCELA
MÉDIO,1ª SÉRIE,SEXTA,6,5,10:50,AULA,GEOGRAFIA,MAYARA,GEOGRAFIA / MAYARA
MÉDIO,2ª SÉRIE,SEXTA,6,5,10:50,AULA,MATEMÁTICA 1,MARCELA,MATEMÁTICA 1 / MARCELA
MÉDIO,3ª SÉRIE,SEXTA,6,5,10:50,AULA,OFICINA DE LITERATURA,CRISTIANE,OFICINA DE LITERATURA / CRISTIANE
MÉDIO,1ª SÉRIE,SEXTA,7,6,11:40,AULA,ENSINO RELIGIOSO,CÉSAR,ENSINO RELIGIOSO / CÉSAR
MÉDIO,2ª SÉRIE,SEXTA,7,6,11:40,AULA,MATEMÁTICA 1,MARCELA,MATEMÁTICA 1 / MARCELA
MÉDIO,3ª SÉRIE,SEXTA,7,6,11:40,AULA,OFICINA DE LITERATURA,CRISTIANE,OFICINA DE LITERATURA / CRISTIANE
